"hidx","id","name","family"
1,57209317206,"Repin, Denis",Repin D.
1,57220162085,"Phung, Nhat-Huy",Phung N.
10,26425245100,"Petrov, Tatjana",Petrov T.
12,56185994700,"Jensen, Peter G.",Jensen P.
1,57220206581,"Kiviriga, Andrej",Kiviriga A.
55,7202662806,"Larsen, Kim G.",Larsen K.
14,22935421700,"Nyman, Ulrik",Nyman U.
1,57912195700,"Mijačika, Adriana",Mijačika A.
1,57911403600,"Høiriis Mortensen, Jeppe",Høiriis Mortensen J.
7,56491225300,"Lefaucheux, Engel",Lefaucheux E.
2,58117949100,"Willemsen, Lisa",Willemsen L.
15,8662522400,"Remke, Anne",Remke A.
24,57203555979,"Ábrahám, Erika",Abraham E.
18,19638908000,"Marin, Andrea",Marin A.
19,7202574001,"Rossi, Sabina",Rossi S.
2,57213419932,"Zen, Carlo",Zen C.
2,58249752300,"Olliaro, Diletta",Olliaro D.
20,7006505195,"Balbo, Gianfranco",Balbo G.
20,7005050480,"Sereno, Matteo",Sereno M.
24,55884352600,"Bortolussi, Luca",Bortolussi L.
6,57211159271,"Cairoli, Francesca",Cairoli F.
1,57219489077,"Klein, Julia",Klein J.
5,57200201992,"Großmann, Gerrit",Grossmann G.
6,57191272299,"Backenköhler, Michael",Backenköhler M.
20,56212349100,"Wolf, Verena",Wolf V.
2,57511667400,"Squillace, Giuseppe",Squillace G.
23,15123357400,"Tribastone, Mirco",Tribastone M.
17,55366841000,"Tschaikowski, Max",Tschaikowski M.
19,36662971300,"Vandin, Andrea",Vandin A.
3,55557755300,"Ioualalen, Arnault",Ioualalen A.
12,8543014000,"Martel, Matthieu",Martel M.
8,57194266926,"Klauck, Michaela",Klauck M.
42,22334130400,"Hermanns, Holger",Hermanns H.
24,36646082100,"Jansen, Nils",Jansen N.
2,57191611695,"Piho, Paul",Piho P.
29,6602551227,"Hillston, J.",Hillston J.
3,57222408553,"Wang, Runan",Wang R.
32,21742204200,"Casale, Giuliano",Casale G.
21,36170481900,"Filieri, Antonio",Filieri A.
1,58562823000,"Jeppson, Joshua",Jeppson J.
11,55444396800,"Volk, Matthias",Volk M.
1,58308170000,"Israelsen, Bryant",Israelsen B.
3,57253858200,"Roberts, Riley",Roberts R.
1,58650782400,"Williams, Andrew",Williams A.
4,57299923800,"Buecherl, Lukas",Buecherl L.
30,7202313819,"Myers, Chris J.",Myers C.
8,55229359900,"Zheng, Hao",Zheng H.
14,7004602618,"Winstead, Chris",Winstead C.
10,57190674109,"Zhang, Zhen",Zhang Z.
3,57190566672,"Rausch, Michael",Rausch M.
39,35602407400,"Sanders, William H.",Sanders W.
10,7004898091,"Budde, Carlos E.",Budde C.
10,56406504500,"Ruijters, Enno",Ruijters E.
31,22981772200,"Stoelinga, Mariëlle",Stoëlinga M.
4,57219053980,"Randone, Francesca",Randone F.
13,6603551400,"Ezhilchelvan, Paul",Ezhilchelvan P.
18,7003423014,"Mitrani, Isi",Mitrani I.
9,8322853800,"Webber, Jim",Webber J.
5,35079202700,"Mu, Chunyan",Mu C.
7,23398330300,"Salako, Kizito",Salako K.
4,59071780700,"Karimi, Ahmad",Karimi A.
4,57212998364,"Moosbrugger, Marcel",Moosbrugger M.
6,57212170277,"Stankovič, Miroslav",Stankovič M.
18,28567857600,"Kovács, Laura",Kovács L.
34,14053557900,"Bartocci, Ezio",Bartocci E.
15,6603559263,"Bura, Efstathia",Bura E.
17,35302479600,"Hartmanns, Arnd",Hartmanns A.
51,7003679176,"Katoen, Joost-Pieter",Katoen J.
1,57263549400,"Kohlen, Bram",Kohlen B.
4,56994007600,"Spel, Jip",Spel J.
3,57212505737,"Polymenakos, Kyriakos",Polymenakos K.
3,57188644385,"Rontsis, Nikitas",Rontsis N.
37,56819871700,"Abate, Alessandro",Abate A.
57,57203276441,"Roberts, Stephen",Roberts S.
0,58651922400,"Giacomarra, Francesco",Giacomarra F.
1,57547916900,"Scassola, Davide",Scassola D.
10,37361050400,"Bacci, Giovanni",Bacci G.
19,6701805179,"Ingólfsdóttir, Anna",Ingólfsdóttir A.
2,57221141682,"Reynouard, Raphaël",Reynouard R.
10,23984336800,"Cerotti, Davide",Cerotti D.
21,36477249900,"Mancini, Simona",Mancini S.
27,16022279800,"Gribaudo, Marco",Marco G.
27,7006805094,"Bobbio, Andrea",Bobbio A.
4,57219690368,"Tabatabaee, Seyed Mohammadhossein",Tabatabaee S.
10,23567854500,"Bouillard, Anne",Bouillard A.
56,7005325654,"Le Boudec, Jean-Yves",Le Boudec J.
12,6701543401,"Siegle, Markus",Siegle M.
1,57204454285,"Soltanieh, Amin",Soltanieh A.
6,57193393173,"Yazici, Mehmet Akif",Yazici M.
20,24448222000,"Phung-Duc, Tuan",Phung-Duc T.
5,57222187286,"Andriushchenko, Roman",Andriushchenko R.
17,7006749648,"Češka, Milan",Ceska M.
1,57388327400,"Pontiggia, Francesco",Pontiggia F.
1,58507170200,"Sallinger, Sarah",Sallinger S.
7,57213680149,"Ray, Kaustabha",Ray K.
11,55757780530,"Banerjee, Ansuman",Banerjee A.
0,58651469600,"Bies, Aaron",Bies A.
6,57209658999,"Köhl, Maximilian A.",Köhl M.
4,56982354900,"Schmidt, Andreas",Schmidt A.
2,57009163200,"Salehi, Khayyam",Salehi K.
3,57197963243,"Noroozi, Ali A.",Noroozi A.
4,55767089700,"Amir-Mohammadian, Sepehr",Amir-Mohammadian S.
2,57211604121,"Mohagheghi, Mohammadsadegh",Mohagheghi M.
8,56048093600,"Barbot, Benoît",Barbot B.
9,51763137100,"Basset, Nicolas",Basset N.
2,57224561546,"Kielanski, Grzegorz",Kielanski G.
18,6602838973,"Van Houdt, B.",van Houdt B.
9,57196072557,"Pilch, Carina",Pilch C.
10,55546332300,"Schupp, Stefan",Schupp S.
2,57695983600,"Kofnov, Andrey",Kofnov A.
1,57222232111,"Lewis, Marco",Lewis M.
20,36892127700,"Zuliani, Paolo",Zuliani P.
21,53980487700,"Soudjani, Sadegh Esmaeil Zadeh",Soudjani S.
19,56228866500,"Piazza, Carla",Piazza C.
7,57204321046,"Das, Olivia",Das O.
4,57198696175,"Das, Arindam",Das A.
5,57203998004,"Woodside, Murray",Woodside M.
9,35728879200,"Ghiț, Bogdan",Ghiţ B.
22,7003424785,"Tantawi, Asser N.",Tantawi A.
4,57903048800,"Romanello, Riccardo",Romanello R.
5,59832973600,"Lee, Jaeyoung",Lee J.
2,57194578137,"Balakrishnan, Aravind",Balakrishnan A.
4,57370421700,"Gaurav, Ashish",Gaurav A.
52,6603948729,"Czarnecki, Krzysztof",Czarnecki K.
20,15122888100,"Sedwards, Sean",Sedwards S.
1,57693752800,"Das, Spandan",Das S.
15,24512703000,"Prabhakar, Pavithra",Prabhakar P.
3,57236173400,"Scheffler, Alexander",Scheffler A.
11,37096646000,"Bondorf, Steffen",Bondorf S.
27,56274825200,"Loreti, Michele",Loreti M.
6,37023232900,"Rehman, Aniqa",Rehman A.
8,57196094137,"Hasanbeig, Mohammadhosein",Hasanbeig M.
43,8714169100,"Kroening, Daniel",Kroening D.
26,57207270925,"Haverkort, Boudewijn R.",Haverkort B.
2,57702532300,"Gao, Yicheng",Gao Y.
1,57419651000,"Niu, Zifeng",Niu Z.
4,57194170382,"Zhu, Lulai",Zhu L.
47,55569107000,"Parker, David",Parker D.
0,58507412300,"Gerlach, Lina",Gerlach L.
5,57192680702,"Dobe, Oyendrila",Dobe O.
22,8853449200,"Bonakdarpour, Borzoo",Bonakdarpour B.
6,57189248263,"Palani, Kartik",Palani K.
37,7102659271,"Nicol, David",Nicol D.
2,57203822142,"Haehn, Rebecca",Haehn R.
7,23668551000,"Nießen, Nils",Niessen N.
3,56909681600,"Kamali, Mojgan",Kamali M.
7,57217287172,"Gros, Timo P.",Gros T.
19,56077435300,"Höller, Daniel",Höller D.
33,23392307600,"Hoffmann, Jörg",Hoffmann J.
2,57263013000,"Meerkamp, Hendrik",Meerkamp H.
20,14038627200,"Bernardo, Marco",Bernardo M.
24,7003311623,"Iacono, Mauro",Iacono M.
11,9633151600,"Manini, Daniele",Manini D.
0,57193611663,"Joven, Teresa",Joven T.
1,57213941664,"Lázaro, Jorge",Lázaro J.
16,7005478140,"Júlvez, Jorge",Júlvez J.
19,7202214451,"Horváth, András",Horváth A.
9,23009895700,"Paolieri, Marco",Paolieri M.
23,7004018543,"Vicario, Enrico",Vicario E.
2,58523693600,"Voogd, Erik",Voogd E.
22,57201678021,"Johnsen, Einar Broch",Johnsen E.
23,59595277400,"Silva, Alexandra",Silva A.
2,57900526400,"Susag, Zachary J.",Susag Z.
6,57195602982,"Wąsowski, Andrzej",Wa̧sowski A.
0,57911412000,"Stein, Svenja",Stein S.
1,57215901107,"Blume, Andreas",Blume A.
26,57193779606,"Buchholz, P.",Buchholz P.
0,57220165355,"Scherbaum, Clara",Scherbaum C.
2,57222015115,"Akbari-Moghaddam, Maryam",Akbari-Moghaddam M.
23,6701373975,"Down, Douglas G.",Down D.
4,59782761600,"Kwon, YoungMin",Kwon Y.
1,56953839900,"Kim, Eunhee",Kim E.
40,7003402631,"Agha, Gul",Agha G.
4,57203341381,"Smuseva, Daria",Smuseva D.
5,57210572533,"Malakhov, Ivan",Malakhov I.
26,55927384700,"Van Moorsel, Aad P. A.",Van Moorsel A.
3,57211684865,"Cook, Victor",Cook V.
4,57200511160,"Peterson, Christina",Peterson C.
2,57211684283,"Painter, Zachary",Painter Z.
10,24576626000,"Dechev, Damian",Dechev D.
2,57263733800,"Teuber, Samuel",Teuber S.
7,56993451300,"Weigl, Alexander",Weigl A.
1,58504367500,"Ji, Xiaotong",Ji X.
5,57203551433,"Kolb, Christina",Kolb C.
21,6701481455,"Boreale, Michele",Boreale M.
12,22833351700,"Carnevali, L.",Carnevali L.
3,57223024245,"Reali, Riccardo",Reali R.
3,57204725235,"Edwards, Alec",Edwards A.
11,56014184500,"Giacobbe, Mirco",Giacobbe M.
22,22333842100,"D'Argenio, Pedro R.",D’Argenio P.
21,55667636500,"Fraire, Juan A.",Fraire J.
7,57196001088,"Raverta, Fernando",Raverta F.
24,57202811042,"Cardelli, Luca",Cardelli L.
33,6601973195,"Grosu, Radu",Grosu R.
17,7103097184,"Jansen, David N.",Jansen D.
33,6603711126,"Smirni, Evgenia",Smirni E.
1,57473331900,"Rickard, Luke",Rickard L.
7,57212199671,"Badings, Thom",Badings T.
7,57191923618,"Romao, Licio",Romão L.
1,57911803600,"Julien, David",Julien D.
15,57191278727,"Cantin, Guillaume",Cantin G.
15,36239690300,"Delahaye, Benoît",Delahaye B.
2,57215217726,"Kaalen, Stefan",Kaalen S.
20,7005373553,"Nyberg, Mattias",Nyberg M.
1,57263184000,"Mattsson, Olle",Mattsson O.
28,8984182000,"Lanese, Ivan",Lanese I.
14,35085373600,"Mezzina, Claudio A.",Mezzina C.
14,8228184800,"Sacerdoti Coen, Claudio",Sacerdoti Coen C.
3,57193701824,"Busatto-Gaston, Damien",Busatto-Gaston D.
1,57219180809,"Chakraborty, Debraj",Chakraborty D.
6,55317665900,"Guha, Shibashis",Guha S.
13,8671891200,"Pérez, Guillermo A.",Pérez G.
37,8912644800,"Raskin, Jean-François",Raskin J.
3,57219789077,"Salmani, Bahare",Salmani B.
57,26643165900,"Kwiatkowska, Marta",Kwiatkowska M.
40,8952124400,"Norman, Gethin",Norman G.
6,57213336323,"Santos, Gabriel",Santos G.
6,57195324891,"Bayram, Ulya",Bayram U.
18,23398256800,"Rozier, Kristin Yvonne",Rozier K.
8,16022707800,"Rozier, Eric",Rozier E.
4,57191889148,"Hansen, Mikkel",Hansen M.
19,55146699900,"Bertrand, Nathalie",Bertrand N.
19,55321319200,"Junges, Sebastian",Junges S.
43,23570155900,"Topcu, Ufuk",Topcu U.
14,57184546900,"Zhang, Ruohan",Zhang R.
46,7004513666,"Hayhoe, Mary",Hayhoe M.
10,36472926000,"Amparore, Elvio Gilberto",Amparore E.
23,6603768019,"Donatelli, Susanna",Donatelli S.
0,57211167566,"Kouko, Gildas",Kouko G.
14,7003422986,"Desharnais, Josée",Desharnais J.
32,12140687300,"Laviolette, François",Laviolette F.
7,57190572531,"Polgreen, Elizabeth",Polgreen E.
5,57190575089,"Wijesuriya, Viraj B.",Wijesuriya V.
14,55846012000,"Haesaert, Sofie",Haesaert S.
18,47962346900,"Kaminski, Benjamin Lucien",Kaminski B.
15,57028509700,"Matheja, Christoph",Matheja C.
7,36785663000,"Fawaz, Ahmed",Fawaz A.
7,35177835600,"Keefe, Ken",Keefe K.
10,57194974711,"Nauta, Meike",Nauta M.
13,20336561000,"Bucur, Doina",Bucur D.
4,59047606900,"Feng, Cheng",Feng C.
16,36646700300,"Reijsbergen, Daniël",Reijsbergen D.
5,56479226100,"Luisa Vissat, Ludovica",Luisa Vissat L.
13,57194631985,"Nenzi, Laura",Nenzi L.
24,7004424646,"Marion, Glenn",Marion G.
8,56584151900,"Peruffo, Andrea",Peruffo A.
3,57195540499,"Guiu, Emeline",Guiu E.
25,6507176328,"Panciatici, Patrick",Panciatici P.
4,55912485200,"Salamati, Mahmoud",Salamati M.
49,7006296905,"Majumdar, Rupak",Majumdar R.
20,56276186900,"Balsamo, Simonetta",Balsamo M.
3,55544255900,"Stojic, Ivan",Stojic I.
13,55668157800,"Jagtap, Pushpak",Jagtap P.
29,57203102708,"Zamani, Majid",Zamani M.
34,57204676780,"Baier, Christel",Baier C.
12,55014530800,"Dubslaff, Clemens",Dubslaff C.
3,55370525100,"Korenčiak, Luboš",Korenčiak L.
23,55216129100,"Kučera, Antonín",Kučera A.
9,8352240800,"Řehák, Vojtĕch",Řehák V.
10,6508329666,"Hélouët, Loïc",Hélouët L.
25,7006153758,"Marchand, Hervé",Marchand H.
22,35100249500,"Hahn, Ernst Moritz",Hahn E.
7,48861638300,"Hashemi, Vahid",Hashemi V.
14,16023644500,"Turrini, Andrea",Turrini A.
8,54389654900,"Milios, Dimitrios",Milios D.
41,7004022389,"Sanguinetti, Guido",Sanguinetti G.
10,55661440700,"Schnoerr, David",Schnoerr D.
5,57053023900,"Kyriakopoulos, Charalampos",Kyriakopoulos C.
21,35105134400,"Lahijanian, Morteza",Lahijanian M.
29,7401900212,"Schmitt, Jens B.",Schmitt J.
16,56938263200,"Laurenti, Luca",Laurenti L.
9,22979845900,"Jongerden, Marijn",Jongerden M.
6,57006604200,"Gainer, Paul",Gainer P.
7,36463658300,"Linker, Sven",Linker S.
26,7101860491,"Dixon, Clare",Dixon C.
20,57203725116,"Hustadt, Ullrich",Hustadt U.
38,55741961100,"Fisher, Michael",Fisher M.
7,6603630974,"Feddersen, Brett",Feddersen B.
37,23393619700,"Platzer, André",Platzer A.
4,56940353100,"Bart, Anicet",Bart A.
21,8873078600,"Lime, Didier",Lime D.
21,6701648878,"Monfroy, Éric",Monfroy É.
10,13105730300,"Truchet, Charlotte",Truchet C.
6,57008184400,"Gebrehiwot, Misikir Eyob",Gebrehiwot M.
15,7003768763,"Aalto, Samuli",Aalto S.
13,6602743454,"Lassila, Pasi",Lassila P.
20,7201591491,"Zimmermann, Armin",Zimmermann A.
16,36786786700,"Hotz, Thomas",Hotz T.
2,57195538132,"Lavista, Andrés Canabal",Lavista A.
36,7102422339,"Esparza, Javier",Esparza J.
4,55926129100,"Hoffmann, Philipp",Hoffmann P.
4,56446398800,"Saha, Ratul",Saha R.
3,57190574321,"Michaelides, Michalis",Michaelides M.
12,55177047500,"Guck, Dennis",Guck D.
2,57189307332,"Drolenga, Peter",Drolenga P.
1,57190572336,"Peters, Margot",Peters M.
12,6602097635,"Dayar, Tuǧrul",Dayar T.
9,35090152400,"Kriege, Jan",Kriege J.
5,55556415800,"Orhan, M. Can",Orhan M.
23,55884599100,"Neglia, Giovanni",Neglia G.
13,55888328400,"Alouf, Sara",Alouf S.
10,23396072200,"Dandoush, Abdulhalim",Dandoush A.
2,57190565408,"Simoens, Sebastien",Simoens S.
10,57112259000,"Dersin, Pierre",Dersin P.
3,57190576899,"Tuholukova, Alina",Tuholukova A.
2,51963167700,"Billion, Jérôme",Billion J.
2,57190567233,"Derouet, Pascal",Derouet P.
8,57195277580,"Ashok, Pranav",Ashok P.
19,8533253300,"Brázdil, Tomáš",Brázdil T.
50,7202877099,"Chatterjee, Krishnendu",Chatterjee K.
23,56406498200,"Křetínský, Jan",Kretinsky J.
36,8420891100,"Lampert, Christoph H.",Lampert C.
5,57201701393,"Toman, Viktor",Toman V.
22,6701850584,"McIver, A.",Mciver A.
22,8696540300,"Aichernig, Bernhard K.",Aichernig B.
7,57015618000,"Schumi, Richard",Schumi R.
5,57126194600,"Bhattiprolu, Vijay",Bhattiprolu V.
5,57209980527,"Gordon, Spencer",Gordon S.
32,7102067916,"Viswanathan, Mahesh",Viswanathan M.
6,57021692500,"Butkova, Yuliya",Butkova Y.
3,57201030200,"Sottana, Matteo",Sottana M.
6,57191754785,"Silvetti, Simone",Silvetti S.
6,57188708328,"Biewer, Sebastian",Biewer S.
7,8566758100,"Le Coënt, Adrien",Le Coënt A.
8,56185626500,"Taankvist, Jakob Haahr",Taankvist J.
11,57193128412,"Weininger, Maximilian",Weininger M.
3,55841078000,"Pedersen, Mathias Ruggaard",Pedersen M.
11,15122138200,"Bacci, Giorgio",Bacci G.
12,8552551100,"Mardare, Radu",Mardare R.
24,7006404684,"Baldi, Marco",Baldi M.
26,7004854291,"Chiaraluce, Franco",Chiaraluce F.
14,6602764818,"Cucchiarelli, Alessandro",Cucchiarelli A.
9,57191578974,"Senigagliesi, Linda",Senigagliesi L.
16,55899283900,"Spalazzi, Luca",Spalazzi L.
8,26422593200,"Spegni, Francesco",Spegni F.
6,57191410313,"Biagi, Marco",Biagi M.
2,57203839179,"Santoni, Francesco",Santoni F.
4,36185169600,"Arming, Sebastian",Arming S.
19,22433894100,"Sokolova, Ana",Sokolova A.
18,6603960935,"Haar, Stefan",Haar S.
2,57189216489,"Theissing, Simon",Theissing S.
22,8866785000,"Schewe, Sven",Schewe S.
5,57188868187,"Beunardeau, Marc",Beunardeau M.
8,57190741321,"Hüls, Jannik",Hüls J.
2,57211167050,"Schinke, Patricia",Schinke P.
6,57211169689,"Delicaris, Joanna",Delicaris J.
6,55816307300,"Nagapetyan, Tigran",Nagapetyan T.
1,57203835952,"Ivanov, Dmitry",Ivanov D.
8,55976288900,"Schupp, Sibylle",Schupp S.
22,6602226865,"Srba, Jiří",Srba J.
25,13104789600,"Chatzikokolakis, Konstantinos",Chatzikokolakis K.
14,57188722307,"Fu, Hongfei",Fu H.
0,59646440100,"Li, Yi",Li Y.
5,57203847859,"Li, Jianlin",Li J.
11,57192578646,"Li, Chen",Li C.
3,56127717000,"Altamimi, Taghreed",Altamimi T.
1,57195538672,"Zargari, Mana Hassanzadeh",Zargari M.
27,35451868900,"Petriu, Dorina",Petriu D.
29,6507842838,"Calinescu, Radu",Calinescu R.
16,55351674500,"Gerasimou, Simos",Gerasimou S.
17,53866847300,"Paoletti, Nicola",Paoletti N.
0,57190565413,"Van Houd, Benny",van Houd B.
2,57211168300,"Eisentraut, Julia",Eisentraut J.
13,25521944400,"Gadyatskaya, Olga",Gadyatskaya O.
12,54389181800,"Jhawar, Ravi",Jhawar R.
5,15044516600,"Kordy, Piotr",Kordy P.
12,54956645900,"Lounis, Karim",Lounis K.
27,6601991482,"Mauw, Sjouke",Mauw S.
17,36675983800,"Trujillo-Rasua, Rolando",Trujillo-Rasúa R.
2,57195540458,"Jeong, Seonghwan",Jeong S.
1,57195531092,"Lee, Arthur H.",Lee A.
6,57984813900,"Lal, Ratan",Lal R.
33,55605704300,"Wu, Huaming",Wu H.
25,6602350794,"Knottenbelt, William J.",Knottenbelt W.
25,57195753362,"Wolter, Katinka",Wolter K.
6,56428177100,"Sun, Yi",Sun Y.
41,7003362079,"Van den Hof, Paul M.J.",Van Den Hof P.
2,57193057130,"Papini, Tommaso",Papini T.
7,57190621972,"Borghouts, Judith",Borghouts J.
38,7402141419,"Gordon, Andrew D.",Gordon A.
14,56369758900,"Sarkar, Advait",Sarkar A.
7,15023617500,"Toronto, Neil",Toronto N.
10,36715149800,"Jegourel, Cyrille",Jégourel C.
36,56153273100,"Sun, Jun",Sun J.
29,55666373900,"Dong, Jin Song",Dong J.
17,54388817100,"Ernst, Gidon",Ernst G.
13,57203125687,"Zhang, Zhenya",Zhang Z.
19,8837440500,"Hasuo, Ichiro",Hasuo I.
4,55515218500,"Elahi, Maryam",Elahi M.
32,35614873700,"Williamson, Carey",Williamson C.
7,55605396500,"Cheh, Carmen",Cheh C.
24,56367849500,"Chen, Binbin",Chen B.
11,57197411549,"Temple, William G.",Temple W.
8,55845188600,"Doncel, Josu",Doncel J.
17,35322318000,"Gast, Nicolas",Gast N.
2,36245032300,"Jing, Yaping",Jing Y.
16,7004160678,"Miner, Andrew",Miner A.
11,35174496200,"Krčál, Jan",Krčál J.
11,57032004100,"Novotný, Petr",Novotný P.
20,8878450800,"Wimmer, Ralf",Wimmer R.
1,55832967200,"Vorpahl, Andreas",Vorpahl A.
33,55566001800,"Becker, Bernd",Becker B.
13,56284270400,"Horváth, G.",Horváth G.
4,56368484100,"Durand, Stéphane",Durand S.
19,56084480800,"Gaujal, Bruno",Gaujal B.
2,23393567400,"Perronnin, Florence",Perronnin F.
13,57212746714,"Jean-Marc, Vincent",Vincent J.
5,52264158800,"Lenhardt, Rastislav",Lenhardt R.
34,56238903200,"Sangiorgi, Davide",Sangiorgi D.
7,56323460100,"Vignudelli, Valeria",Vignudelli V.
8,16232724900,"Hayden, Richard A.",Hayden R.
7,56367139700,"Horváth, Illés",Horváth I.
27,7003678847,"Telek, M.",Telek M.
1,57197315721,"Buchanan, Craig",Buchanan C.
2,55831547100,"Deng, Yi",Deng Y.
11,26967856500,"Rajhans, Akshay",Rajhans A.
24,6701624057,"Julius, A. Agung",Julius A.
2,55390507900,"Fernández-Díaz, Álvaro",Fernández-Díaz Á.
10,12142916700,"Benac-Earle, Clara",Benac Earle C.
11,55906984500,"Fredlund, Lars-Åke",Fredlund L.
8,16041210100,"Andrei, Oana",Andrei O.
17,35607955800,"Calder, Muffy",Thomas M.
4,56367178800,"Higgs, Matthew",Higgs M.
58,7005215170,"Girolami, Mark",Girolami M.
7,55831355200,"Hatefi, Hassan",Hatefi H.
10,7003424070,"Timmer, Mark",Timmer M.
11,6602548409,"Ballarini, Paolo",Ballarini P.
44,7007042892,"Nugent, Christopher",Nugent C.
6,56229356800,"Patara, Fulvio",Patara F.
16,57196674972,"Rabe, Markus N.",Rabe M.
19,23394198200,"Wintersteiger, Christoph M.",Wintersteiger C.
17,56254132400,"Kugler, Hillel",Kugler H.
17,21744088900,"Yordanov, Boyan",Yordanov B.
22,14822105300,"Hamadi, Youssef",Hamadi Y.
4,6506356356,"Aspirot, Laura",Aspirot L.
12,6508040763,"Mordecki, Ernesto",Mordecki E.
22,7006258365,"Rubino, Gerardo",Rubino G.
36,6603746795,"Abdulla, Parosh Aziz",Abdulla P.
13,36336854700,"Clemente, Lorenzo",Clemente L.
20,57195700634,"Mayr, Richard",Mayr R.
6,7103188325,"Sandberg, Sven",Sandberg S.
4,56717579700,"Paškauskas, Rytis",Paškauskas R.
24,35303235000,"Okamura, Hiroyuki",Hiroyuki O.
29,7102430978,"Dohi, Tadashi",Dohi T.
2,50861122400,"Baltas, Nikos",Baltas N.
9,7201911006,"Field, Tony",Field T.
18,14048114400,"Bušić, Ana",Bus̃ić A.
2,55184967100,"Rovetta, Christelle",Rovetta C.
3,6603642062,"Bungert, Michael",Bungert M.
12,8940034700,"Pulungan, Reza",Pulungan R.
27,6506232120,"Kressner, Daniel",Kressner D.
3,56367162500,"MacEdo, Francisco",MacEdo F.
13,54955920900,"Heyman, Thomas",Heyman T.
24,8850023700,"Preuveneers, Davy",Preuveneers D.
43,57202521929,"Joosen, Wouter",Joosen W.
5,7101663536,"Ohba, Nobuyuki",Ohba N.
6,55957048300,"Munetoh, Seiji",Munetoh S.
5,18434488600,"Okazaki, Atsuya",Okazaki A.
13,57014214300,"Katayama, Yasunao",Katayama Y.
6,25960750900,"Eisentraut, Christian",Eisentraut C.
2,55832398600,"Krämer, Julia",Krämer J.
20,55840762400,"Zhang, Lijun",Zhang L.
34,23397538000,"Kounev, Samuel",Kounev S.
19,9737610700,"Joshi, Kaustubh",Joshi K.
11,57203244801,"Akshay, S.",Akshay S.
24,55831988100,"Haddad, Serge",Haddad S.
6,25121377400,"Boyer, Benoît",Boyer B.
3,55833054400,"Corre, Kevin",Corre K.
40,56271160800,"Legay, Axel",Legay A.
10,55488612100,"Adzkiya, Dieky",Adzkiya D.
78,7102588845,"Başar, Tamer",Ba̧sar T.
13,8651700400,"Reinecke, Philipp",Reinecke P.
4,55175817700,"Krauß, Tilman",Krauß T.
14,7201617534,"Campos, Javier",Campos J.
7,23111755400,"Rashid, Layali",Rashid L.
37,8887951000,"Pattabiraman, Karthik",Pattabiraman K.
19,7103126277,"Gopalakrishnan, Sathish",Gopalakrishnan S.
4,36632027000,"Guenther, Marcel C.",Guenther M.
13,7402239156,"Bradley, Jeremy T.",Bradley J.
16,7003667083,"Fourneau, Jean-Michel",Fourneau J.
11,13104019700,"Pekergintt, Nihal",Pekergin N.
16,57131512700,"Fahrenberg, Uli",Fahrenberg U.
21,7003345567,"Avritzer, Alberto",Avritzer A.
11,55217699200,"Happe, Lucia",Happe L.
19,55094731500,"Koziolek, Anne",Koziolek A.
20,8555897400,"Sadoc Menasché, Daniel",Menasché D.
10,26422589000,"Suresh, Sindhu",Suresh S.
1,55514759000,"Kohut, Matej",Kohut M.
5,37082104600,"Stefanek, Anton",Stefanek A.
2,56245492600,"Gao, Yang",Gao Y.
21,55880393500,"Fränzle, Martin",Fränzle M.
6,55515344300,"Gretz, Friedrich",Gretz F.
18,7003644929,"De Souza E Silva, Edmundo",de Souza E Silva E.
10,35778596500,"Leão, Rosa M. M.",Leão R.
4,55653495700,"De A. Rocha, Antonio A.",De A.
7,8730411800,"Boström, Pontus",Boström P.
4,55655531700,"Heikkilä, Mikko",Heikkilä M.
8,34869742700,"Huova, Mikko",Huova M.
9,7004987330,"Waldèn, Marina",Waldén M.
15,6602331385,"Linjama, Matti",Linjama M.
15,57188781027,"Theelen, Bart",Theelen B.
14,6701349187,"Hooman, Jozef",Hooman J.
10,23396290800,"Dayarathna, Miyuru",Dayarathna M.
22,6603022117,"Suzumura, Toyotaro",Suzumura T.
9,50760983700,"Corzilius, Florian",Corzilius F.
13,8271921000,"Klebanov, Vladimir",Klebanov V.
12,36628760200,"Manthey, Norbert",Manthey N.
18,25651934800,"Muise, Christian",Muise C.
13,7102331155,"Popov, Peter",Popov P.
37,7004910297,"Stankovic, Vladimir",Stankovic V.
10,36148286700,"Osman, Rasha",Osman R.
17,32668011100,"Piazzolla, P.",Piazzolla P.
19,21833721300,"Fehnker, A.",Fehnker A.
17,35316018200,"Höfner, Peter",Ḧofner P.
7,53879846000,"Kamali, Maryam",Kamali M.
2,55831849400,"Mehta, Vinay",Mehta V.
5,57193871098,"Happ, Daniel",Happ D.
3,58830205500,"Vu, An Hoa",Vu A.
33,35106192100,"Tippenhauer, Nils Ole",Tippenhauer N.
41,6603680588,"Kalbarczyk, Zbigniew",Kalbarczyk Z.
18,8514969900,"Brihaye, Thomas",Brihaye T.
14,57202988918,"Genest, Blaise",Genest B.
19,6508356411,"Heijenk, Geert J.",Heijenk G.
9,35868185800,"Van Eenennaam, Martijn",van Eenennaam M.
26,55578213700,"Chen, Taolue",Chen T.
7,52664206200,"Simaitis, Aistis",Simaitis A.
10,55491104200,"Wiltsche, Clemens",Wiltsche C.
7,26768279500,"Spieler, David",Spieler D.
4,55833015400,"Lanciani, Roberta",Lanciani R.
12,34976874500,"Kordy, Barbara",Kordy B.
11,56650017500,"Schweitzer, Patrick",Schweitzer P.
18,6701356452,"Serazzi, Giuseppe",Serazzi G.
16,57203257389,"Woelfel, Philipp",Woelfel P.
2,53879390900,"Anastasiou, Nikolas",Anastasiou N.
16,16303283700,"Chadha, Rohit",Chadha R.
9,51763848100,"Kini, Dileep Raghunath",Kini D.
0,55832818800,"Oleksinski, Lucas",Oleksinski L.
3,55832131200,"Correa, Claiton",Correa C.
11,6603158140,"Dotti, Fernando Luís",Dotti F.
12,8944846500,"Sales, Afonso",Sales A.
13,20433416300,"Gerwinn, Sebastian",Gerwinn S.
6,55247128700,"Ellen, Christian",Ellen C.
43,7004083177,"Barthe, Gilles",Barthe G.
10,33768165700,"Venkatesan, Vinodh",Venkatesan V.
19,6701839972,"Iliadis, Ilias",Iliadis I.
8,57940546400,"Krishna, Varun Badrinath",Krishna V.
8,36142394000,"Weaver, Gabriel A.",Weaver G.
11,23395692400,"Begin, Thomas",Begin T.
12,7004254471,"Brandwajn, Alexandre",Brandwajn A.
12,7003753913,"Capra, Lorenzo",Capra L.
8,56115011300,"De Pierro, Massimiliano",de Pierro M.
22,6701740839,"Franceschinis, Giuliana",Franceschinis G.
15,7102270709,"De Boer, Pieter-Tjerk",de Boer P.
13,6603084925,"Scheinhardt, Werner",Scheinhardt W.
5,55628314200,"Georgoulas, Anastasis",Georgoulas A.
16,7101924969,"Jaeger, Manfred",Jaeger M.
16,56735298400,"Mao, Hua",Mao H.
7,52264719600,"Song, Lei",Song L.
5,36165010400,"Shams, Farshad",Shams F.
21,6508341977,"Marzolla, Moreno",Marzolla M.
28,24490799200,"Bruneel, Herwig",Bruneel H.
10,8536362500,"Rogiest, Wouter",Rogiest W.
18,6602425617,"Walraevens, Joris",Walraevens J.
15,7004419363,"Wittevrongel, Sabine",Wittevrongel S.
9,55346300800,"Kawamoto, Yusuke",Kawamoto Y.
32,8965157200,"Palamidessi, Catuscia",Palamidessi C.
10,43661364300,"Liu, Si",Liu S.
5,57188591383,"Nguyen, Son",Nguyen N.
9,56913337300,"Ganhotra, Jatin",Ganhotra J.
14,7404134220,"Rahman, Muntasir Raihan",Rahman M.
34,56211916200,"Gupta, Indranil",Gupta I.
52,7103153821,"Meseguer, José",Meseguer J.
6,36809763300,"Mace, John C.",Mace J.
13,25634054000,"Morisset, Charles",Morisset C.
7,36241379300,"Babar, Junaid",Babar J.
12,8396267400,"Hansen, Henri",Hansen H.
21,7101946499,"Qu, Hongyang",Qu H.
20,8729334200,"Sproston, Jeremy",Sproston J.
31,7004853709,"Ciardo, Gianfranco",Ciardo G.
28,6603881173,"Segala, Roberto",Segala R.
20,57213931369,"Clark, David",Clark D.
17,35609248400,"Riska, Alma",Riska A.
7,35113847000,"Ridi, Lorenzo",Ridi L.
19,57207272569,"Bugliesi, Michele",Bugliesi M.
4,36809438700,"Gallina, Lucia",Gallina L.
8,55959740600,"Hamadou, Sardaouna",Hamadou S.
3,36642496600,"LeMay, Elizabeth",LeMay E.
3,57213577567,"Ford, Michael D.",Ford M.
3,36642714100,"Muehrcke, Carol",Muehrcke C.
5,37087659900,"Pampaloni, Francesca",Pampaloni F.
10,34977597700,"Schwarick, Martin",Schwarick M.
29,6602723511,"Heiner, Monika",Heiner M.
11,36015511500,"Rohr, Christian",Rohr C.
35,57203713353,"Smith, Geoffrey",Smith G.
32,7003682581,"Bouyer, Patricia",Bouyer P.
29,6603246354,"Markey, Nicolas",Markey N.
7,35932167600,"Korthikanti, Vijay Anand",Korthikanti V.
11,57211722853,"Kwon, YoungMin",Kwon Y.
13,9435290800,"Happe, Jens",Happe J.
10,14007658600,"Groenda, Henning",Groenda H.
7,35113295100,"Hauck, Michael",Hauck M.
26,6603589366,"Reussner, Ralf",Reussner R.
8,36646766500,"Pedersen, Mikkel L.",Pedersen M.
36,6602554078,"Wa̧sowski, Andrzej",Wa̧sowski A.
38,54931372200,"Zhang, Qi",Zhang Q.
13,9336610700,"Heindl, Armin",Heindl A.
19,7003433307,"Stathopoulos, Andreas",Stathopoulos A.
5,55515427200,"Rochman, Yuval",Rochman Y.
22,7201665266,"Levy, Hanoch",Levy H.
10,58947314100,"Brosh, Eli",Brosh E.
10,16052024500,"Didier, Frederic",Didier F.
84,7004449411,"Henzinger, Thomas A.",Henzinger T.
8,24467135000,"Mateescu, Maria",Mateescu M.
2,36674405800,"Zhang, Xin",Zhang X.
15,57204678124,"Van Breugel, Franck",Van Breugel F.
5,24478698500,"Braitling, Bettina",Braitling B.
8,57213275114,"Crouzen, Pepijn",Crouzen P.
5,13605826200,"Dhama, Abhishek",Dhama A.
10,6602752280,"Theel, Oliver",Theel O.
2,55137740700,"Pinzger, Martin",Pinzger M.
12,6602976457,"Kotsis, Gabriele",Kotsis G.
3,57198459764,"Smith, Michael J. A.",Smith M.
12,6506711634,"Galpin, Vashti",Galpin V.
13,36645910200,"Duggirala, Parasara Sridhar",Duggirala P.
24,24463145900,"Mitra, Sayan",Mitra S.
33,55492173700,"Kumar, Rakesh",Kumar R.
1,36645923500,"Glazeski, Dean",Glazeski D.
16,7006248965,"Trivedi, Ashutosh",Trivedi A.
16,23089781100,"Wojtczak, Dominik",Wojtczak D.
11,24480411800,"Bakhshi, Rena",Bakhshi R.
13,14831171200,"Endrullis, Jörg",Endrullis J.
4,36645939100,"Endrullis, Stefan",Endrullis S.
23,7004022858,"Fokkink, Wan",Fokkink W.
15,7003912104,"Buzen, Jeffrey P.",Buzen J.
6,35209412600,"Zhao, Yang",Zhao Y.
7,8515071900,"Gavidia, Daniela",Gavidia D.
36,7003870271,"Van Steen, Maarten",Van Steen M.
14,55515021300,"Vécsei, Miklós",Vécsei M.
2,36645838100,"Gilberto, Elvio Amparore",Gilberto E.
26,7003394505,"Nielson, Flemming",Nielson F.
23,7004717061,"Nielson, Hanne Riis",Nielson H.
9,35249208900,"Schroep̈fer, Axel",Schroep̈fer A.
32,14037777600,"Kerschbaum, Florian",Kerschbaum F.
19,8285239400,"Beccuti, M.",Beccuti M.
9,21742890300,"Makanju, Adetokunbo",Makanju A.
28,55664338200,"Zincir-Heywood, A. Nur",Zincir-Heywood A.
36,7006232899,"Milios, Evangelos E.",Milios E.
16,7004314047,"Dube, Parijat",Dube P.
13,6506405561,"Seelam, Seetharami R.",Seelam S.
7,24781045900,"Liu, Yanbin",Liu Y.
3,57206962283,"Ito, Megumi",Ito M.
0,54389596100,"Ling, Thomas",Ling T.
9,24561090200,"Hack, Michel",Hack M.
15,7005621613,"Fong, Liana",Fong L.
2,16307322900,"Johnson, Graeme",Johnson G.
4,23485067800,"Dawson, Michael",Dawson M.
30,55851939700,"Zhang, Li",Zhang L.
19,7404705676,"Gao, Yuqing",Gao Y.
62,57203030149,"Thiele, Lothar",Thiele L.
19,57213938411,"Huth, Michael",Huth M.
31,6602375869,"Piterman, Nir",Piterman N.
4,57198480186,"Wagner, Daniel",Wagner D.
6,36473375800,"Kumar, Jayanand Asok",Kumar J.
16,8416079300,"Vasudevan, Shobha",Vasudevan S.
18,56213181300,"Kemper, Peter",Kemper P.
6,57108786100,"Berendsen, Jasper",Berendsen J.
38,6701396047,"Vaandrager, Frits",Vaandrager F.
8,21741840400,"Daly, David",Daly D.
14,7801498189,"El Maghraoui, Kaoutar",El Maghraoui K.
8,6507610319,"Poff, Dan",Poff D.
18,55434298600,"Nielsen, Bo Friis",Nielsen B.
6,53979514700,"Comanici, Gheorghe",Comanici G.
36,57202968435,"Panangaden, Prakash",Panangaden P.
44,6603288659,"Precup, Doina",Precup D.
21,55605009400,"Caillaud, Benoît",Caillaud B.
1,36646223600,"Lega, Axel",Lega A.
1,36646820000,"Wa̧sowskix, Andrzej",Wa̧sowskix A.
1,36645993400,"Gorgoz, Gaël",Gorgoz G.
1,36647058700,"Vincentz, Jean-Marc",Vincentz J.
2,59087529600,"Henriques, David",Henriques D.
4,57216384050,"Martins, João G.",Martins J.
64,56962714000,"Clarke, Edmund M.",Clarke E.
11,55992650700,"Neuhäußer, Martin R.",Neuhäußer M.
73,10045230800,"Zhang, Lijun",Zhang L.
5,36674820600,"Halalai, Raluca",Halalai R.
12,25653389300,"Singh, Vasu",Singh V.
4,53979547900,"Djafri, Hilal",Djafri H.
11,8392327200,"Duflot, M.",Duflot M.
11,6603195355,"Bause, Falko",Bause F.
20,6602476918,"Jurdziński, Marcin",Jurdziński M.
8,54879311700,"Menet, Quentin",Menet Q.
23,7003484560,"Leemis, Larry",Leemis L.
38,7005553676,"Cherkasova, Lucy",Cherkasova L.
18,24801978800,"Doran, Derek",Doran D.
22,7102468162,"Gokhale, Swapna S.",Gokhale S.
1,55515221600,"Kwiatkowsa, Marta",Kwiatkowsa M.
25,7003883643,"Benedikt, Michael",Benedikt M.
32,7006255182,"Worrell, James",Worrell J.
19,7201896815,"Maher, Mike",Maher M.
13,53979443400,"Chen, Yingke",Chen Y.
21,7201759694,"Nielsen, Thomas D.",Nielsen T.
16,9742076800,"Nielsen, Brian",Nielsen B.
16,23010517200,"Wachter, Björn",Wachter B.
5,23018094900,"Bodrog, Levente",Bodrog L.
1,53979679300,"Eskins, Douglas",Eskins D.
3,59586090200,"Feng, Lu",Feng L.
1,22982464800,"Tsirimpas, Polyvios",Tsirimpas P.
32,35268058400,"Cremonesi, Paolo",Cremonesi P.
6,36245640600,"Sansottera, Andrea",Sansottera A.
14,6603864305,"Plateau, Brigitte",Plateau B.
1,25653940400,"Lamprecht, Ruth",Lamprecht R.
12,55545901900,"Bucci, G.",Bucci G.
1,24477389600,"Gorry, Benjamin",Gorry B.
11,56277706000,"Ireland, Andrew",Ireland A.
10,56078419200,"King, Peter",King P.
8,22836020700,"Sassoli, L.",Sassoli L.
9,57223695950,"Wen, H.",Wen H.
8,56085450000,"Sbaraglia, S.",Sbaraglia S.
15,15753614500,"Chung, I.",Chung I.
14,7005650136,"Cong, G.",Cong G.
5,24477199500,"Klepacki, D.",Klepacki D.
11,6507495350,"Derisavi, Salem",Derisavi S.
8,9638598800,"Ciesinski, Frank",Ciesinski F.
14,27867642700,"Größer, Marcus",Grösser M.
18,35613648200,"Klein, Joachim",Klein J.
2,25653874400,"Borghi, Alexandre",Borghi A.
26,9733090000,"Hérault, Thomas",Hérault T.
10,56337028700,"Lassaigne, Richard",Lassaigne R.
13,55886503800,"Peyronnet, Sylvain",Peyronnet S.
2,55396102400,"Melià, Marc",Melià M.
8,6602322708,"Lladó, Catalina M.",Lladó C.
10,6604060877,"Puigjaner, Ramon",Puigjaner R.
17,7501657445,"Smith, Connie U.",Smith C.
22,14420777600,"Barnat, Jiří",Barnat J.
18,14629881100,"Černá, Ivana",Černá I.
21,7801492336,"Tumova, Jana",Tümová J.
11,6508092230,"Cloth, Lucia",Cloth L.
6,13105908700,"Roy, Pritam",Roy P.
40,6603728167,"De Alfaro, Luca",de Alfaro L.
5,24435923400,"Lebrecht, Abigail S.",Lebrecht A.
12,6508102333,"Dingle, Nicholas J.",Dingle N.
8,59795644900,"Brenner, Leonardo",Brenner L.
14,7102795205,"Fernandes, Paulo",FERNANDES P.
5,36806674500,"Sbeity, Ihab",Sbeity I.
8,57203848743,"Czekster, Ricardo M.",Czekster R.
10,57193088183,"Webber, Thais",Webber T.
18,24729542600,"Zhang, Eddy Z.",Zhang E.
51,10142984200,"Altman, Eitan",Altman E.
10,16506208400,"Azad, Amar P.",Azad A.
14,14523278100,"Pérez, Juan F.",Perez J.
10,23392290400,"Ciocchetta, Federica",Ciocchetta F.
6,15122034400,"Duguid, Adam",Duguid A.
26,8983764500,"Gilmore, Stephen",Gilmore S.
13,23392618800,"Guerriero, Maria Luisa",Guerriero M.
48,7004219785,"Cardelli, Luca",Cardelli L.
3,24398574200,"Bogdoll, Jonathan",Bogdoll J.
8,16023612300,"Zapreev, Ivan S.",Zapreev I.
25,56212456400,"Schoeberl, Martin",Schoeberl M.
27,7005259851,"Binder, Walter",Binder W.
15,7006099281,"Moret, Philippe",Moret P.
18,6602133964,"Villazón, Alex",Villazón A.
4,15073071800,"Omari, Tariq",Omari T.
11,7004587815,"Franks, Greg",Franks G.
31,7004719065,"Woodside, Murray",Woodside C.
15,7404477547,"Williams, Lloyd G.",Williams L.
7,15046215400,"Wolovick, Nicolás",Wolovick N.
5,6503997603,"Terraf, Pedro Sánchez",Sánchez Terraf P.
2,35301644300,"Celayes, Pablo",Celayes P.
9,14024036000,"Aljazzar, Husain",Aljazzar H.
1,57198966515,"Fischer, M.",Fischer M.
35,8966479000,"Grunske, Lars",Grunske L.
10,56208045100,"Kuntz, M.",Kuntz M.
8,35339455600,"Leitner-Fischer, F.",Leitner-Fischer F.
21,14024506800,"Leue, Stefan",Leue S.
0,35302369700,"Erdmann, Antonius",Erdmann A.
0,35304040200,"Weber, Dietmar",Weber D.
2,12782724900,"Kulatunga, Harini",Kulatunga H.
4,6506271094,"Argent-Katwala, Ashok",Argent-Katwala A.
3,36850085500,"Suto, Tamas",Suto T.
9,24332292400,"Lüdtke, Daniel",Lüdtke D.
9,6506708815,"Tutsch, Dietmar",Tutsch D.
2,24477639500,"Kühm, Matthias",Kühm M.
24,57217505618,"Brim, Luboš",Brim L.
14,35785565800,"D'Souza, Deepak",D'Souza D.
4,24504186100,"Gopinathan, Madhu",Gopinathan M.
20,7103210987,"Ramesh, S.",Ramesh S.
6,57191872576,"Sampath, Prahladavaradan",Sampath P.
4,23397075000,"Klink, Daniel",Klink D.
1,25653544000,"Chamseddine, N.",Chamseddine N.
18,6602675738,"Fribourg, Laurent",Fribourg L.
8,55171161500,"Picaronny, C.",Picaronny C.
1,24477933100,"Le Boudce, Jean-Yves",Le Boudce J.
15,7201822789,"McDonald, David",McDonald D.
7,22035601000,"Mundinger, Jochen",Mundinger J.
2,57224610090,"Magyar, M.",Magyar M.
16,6603563930,"Majzik, István",Majzik I.
13,26025613300,"Ansaloni, Danilo",Ansaloni D.
11,16021110800,"Baarir, S.",Baarir S.
15,35077282200,"Power, Christopher",Power C.
16,56925820600,"Miller, Alice",Miller A.
44,6701569542,"Harchol-Balter, Mor",Harchol-Balter M.
1,58355770800,"Gaisbauer, Sebastian",Gaisbauer S.
8,25654023000,"Kirschnick, Johannes",Kirschnick J.
8,35589869000,"Edwards, Nigel",Edwards N.
27,6701720978,"Rolia, Jerry",Rolia J.
0,25653908700,"Brien, Darren K.",Brien D.
28,6603445604,"Tuffin, Bruno",Tuffin B.
2,35401706700,"Hickey, David",Hickey D.
11,6507227255,"Fecher, Harald",Fecher H.
17,10141411100,"Faella, Marco",Faella M.
34,14035985300,"Martinovic, Ivan",Martinovic I.
1,57192511735,"Zhang, Xi",Zhang X.
21,7005570618,"Riedel, Erik",Riedel E.
6,25722273600,"Tracol, Mathieu",Tracol M.
0,35303102200,"Mitchell, Quincy",Mitchell Q.
18,7005752101,"Faragó, András",Faragó A.
6,23394092000,"Van Velthoven, J.",van Velthoven J.
24,6701401233,"Blondia, C.",Blondia C.
9,55451068400,"Clark, Allan",Clark A.
1,24469490000,"Yang, Yimeng",Yang Y.
2,25653622500,"Damman, Berteun",Damman B.
18,8855275800,"Han, Tingting",Han T.
31,55925121600,"Etessami, Kousha",Etessami K.
69,35560952800,"Yannakakis, Mihalis",Yannakakis M.
2,22982195700,"Van Ruitenbeek, Elizabeth",van Ruitenbeek E.
11,25654241900,"Riedl, Martin",Riedl M.
6,25654178200,"Schuster, Johann",Schuster J.
7,8345645900,"Kuperberg, Michael",Kuperberg M.
3,22734502600,"Krogmann, Martin",Krogmann M.
27,9036767800,"Donaldson, Alastair F.",Donaldson A.
15,55936084400,"Boulis, A.",Boulis A.
4,25653881500,"Fruth, M.",Fruth M.
7,23010837500,"Walter, Max",Walter M.
4,36198083000,"Esch, Sebastian",Esch S.
10,23089177800,"Limbourg, Philipp",Limbourg P.
1,35303629700,"Naumovich, Elina Pacini",Pacini Naumovich E.
18,56255897000,"Bernardi, Simona",Bernardi S.
6,8242143300,"Tepper, Carsten",Tepper C.
5,25653979100,"Mabrouki, Issam",Mabrouki I.
6,23466654400,"Froc, Gwillerm",Froc G.
18,6603547697,"Lagrange, Xavier",Lagrange X.
8,35219360500,"Xu, Jing",Xu J.
1,23986688100,"Tregunno, Peter",Tregunno P.
10,55887893000,"Ilié, J.M.",Ilié J.
8,6603649516,"Trinitis, Carsten",Trinitis C.
30,7102567857,"Merchant, Arif",Merchant A.
9,6505813683,"Yotov, Kamen",Yotov K.
41,7003277701,"Pingali, Keshav",Pingali K.
24,6602412981,"Stodghill, Paul",Stodghill P.
8,15922278100,"Curtis-Maury, Matthew",Curtis-Maury M.
1,8854027500,"Wang, Tanping",Wang T.
17,8854027300,"Antonopoulos, Christos D.",Antonopoulos C.
29,7004096576,"Nikolopoulos, Dimitiros S.",Dimitrios Nikolopoulos D.
14,55930379000,"Codetta-Raiteri, Daniele",Codetta-Raiteri D.
1,23984623400,"Garetlo, Michele",Garetlo M.
49,7006485233,"L'Ecuyer, Pierre",LÉcuyer P.
8,14041702100,"Gómez-Martínez, Elena",Gómez-Martínez E.
21,6602569693,"Merseguer, José",Merseguer J.
4,8889583700,"Ben Henda, Noomene",Ben Henda N.
17,6602894319,"Cancela, Héctor",Cancela H.
9,22836237200,"Rodríguez-Bocea, Pablo",Rodríguez-Bocca P.
23,16021401800,"Bouchard-Côté, Alexandre",Bouchard-Cǒté A.
7,6506816915,"Ferns, Norm",Ferns N.
5,7003550016,"Curti, Michele",Curti M.
30,7006345611,"Degano, Pierpaolo",Degano P.
25,14219711600,"Prandi, Davide",Prandi D.
27,7004501318,"Priami, Corrado",Priami C.
11,7003974579,"Quaglia, Paola",Quaglia P.
12,23395914900,"Brodo, Linda",Brodo L.
2,57198287932,"García, Daniel",García D.
9,15062282400,"Böde, Eckard",Böde E.
7,6506530570,"Herbstritt, Marc",Herbstritt M.
5,15044699500,"Johr, Sven",Johr S.
8,6504284109,"Peikenkamp, Thomas",Peikenkamp T.
10,6602851161,"Rácz, Sándor",Rácz S.
8,15025679800,"Ben Mamoun, Mouad",Ben Mamoun M.
7,37082395500,"Zheng, Tao",Zheng T.
31,6603658203,"Litoiu, Marin",Litoiu M.
9,23397555300,"Markovski, J.",Markovski J.
13,23398286300,"Trčka, Nikola",Trčka N.
38,7005921703,"Menascé, Daniel A.",Menasće D.
10,56915825500,"Akula, Vasudeva",Akula V.
4,23050971000,"McQuinn, Michael",McQuinn M.
2,58374798200,"Bertoli, Marco",Bertoli M.
6,22433465400,"Llorens, Marisa",Llorens M.
8,57201570794,"Oliver, Javier",Oliver J.
2,16022007400,"Govind, S.",Govind S.
22,7005716908,"Govindarajan, R.",Govindarajan R.
2,8881616500,"Chobanyan, Alexander",Chobanyan A.
28,7003960778,"Mutka, Matt",Mutka M.
10,6602383030,"Levental, Shlomo",Levental S.
53,7103381558,"Xi, Ning",Xi N.
59,7202823540,"Halpern, Joseph Y.",Halpern J.
4,13104223900,"Younès, Sana",Younès S.
14,42461022000,"Boukhobza, Jalil",Boukhobza J.
2,23986896700,"Timsit, Claude",Timsit C.
19,10042517800,"Osogami, Takayuki",Osogami T.
1,16022690500,"Piovosi, R.",Piovosi R.
27,15623449800,"Mi, Ningfang",Mi N.
1,23984607100,"Dutz, Christofer",Dutz C.
28,36799577700,"Buchmann, Alejandro",Buchmann A.
17,55952444600,"Behrmann, Gerd",Behrmann G.
29,22333426100,"David, Alexandre",David A.
9,14055721400,"Håkansson, John",Hâkansson J.
34,7006486297,"Pettersson, Paul",Pettersson P.
47,56123437800,"Yi, Wang",Yi W.
10,36776888800,"Hendriks, Martijn",Hendriks M.
17,17436357500,"Xie, Mengjun",Xie M.
0,23986378000,"Tabatabai, Keywan",Tabatabai K.
47,56463251600,"Wang, Haining",Wang H.
22,55902199300,"Nicola, Victor F.",Nicola V.
3,15838373100,"Zaburnenko, Tatiana S.",Zaburnenko T.
1,56026136300,"Francesco, Moscato",Francesco M.
27,7003768509,"Mazzocca, Nicola",Mazzocca N.
22,6701381302,"Vittorini, Valeria",Vittorini V.
10,7005904212,"Courtney, Tod",Courtney T.
9,8305053500,"Gaonkar, Shravan",Gaonkar S.
4,7102389455,"Webster, Patrick",Webster P.
2,24477470000,"Garikiparthi, Chaitanya",Garikiparthi C.
10,6701659884,"Van De Liefvoort, Appie",van de Liefvoort A.
10,55423031000,"Mitchell, Kenneth",Mitchell K.
26,7003671080,"Bondavalli, Andrea",Bondavalli A.
13,6603354236,"Chiaradonna, Silvano",Chiaradonna S.
13,7005729296,"Lollini, Paolo",Lollini P.
0,23986156800,"Squittieri, Fabrizio",Squittieri F.
1,57199490380,"Martínez, José M.",Martínez J.
8,56405849700,"Wu, Peng",Wu P.
9,55368141500,"Rajeshwari, G.",Ganesan R.
14,57190032124,"Sarkar, Santonu",Sarkar S.
12,55568511909,"Lin, Huimin",Lin H.
5,8920535400,"Falai, Lorenzo",Falai L.
17,6701688160,"Di Giandomenico, Felicita",Di Giandomenico F.
18,7103045295,"Sterling, Thomas",Sterling T.
10,6602646365,"Vienne, Jérôme",Vienne J.
1,23984455700,"Havel, Yezekael",Havel Y.
9,7006122906,"Ramos R, Victor M.",Ramos V.
6,8983951700,"Athanasopoulou, Eleftheria",Athanasopoulou E.
2,57188992266,"Thakker, Purvesh",Thakker P.
1,17345606200,"Girish, B.C.",Girish B.
10,23398832900,"Sandmann, Werner",Sandmann W.
1,8937786700,"Palmeri, Maria Carla",Palmeri M.
39,7004298169,"De Nicola, Rocco",De Nicola R.
22,6603145237,"Massink, Mieke",Massink M.
2,22334042500,"Kalden, Roger",Kalden R.
22,57202917071,"Chiola, Giovanni",Chiola G.
1,23984413900,"Babu, Jayaraman Suresh",Babu J.
13,7003292794,"Teller, Patricia J.",Teller P.
12,15080918700,"Lee, Ho Woo",Lee H.
10,8653243700,"Baek, Jung Woo",Baek J.
4,22333867000,"Knoke, Michael",Knoke M.
3,36003905200,"Griffith, Mark",Griffith M.
4,8367059300,"Lam, Vinh",Lam V.
15,6602415744,"Berthomieu, Bernard",Berthomieu B.
12,57201100460,"Vernadat, François",Vernadat F.
10,16021424300,"Bazan, Peter",Bazan P.
32,56264085300,"German, Reinhard",German R.
6,56322036700,"Thornley, David",Thornley D.
1,8324992000,"Zatschler, Harf",Zatschler H.
14,35371596800,"Colvin, Robert",Colvin R.
16,16835709500,"Winter, Kirsten",Winter K.
54,8226489200,"Sen, Koushik",Sen K.
1,23984241500,"Camesi, Andrea",Camesi A.
10,6603251225,"Hulaas, Jarle",Hulaas J.
15,6506011305,"Bachmat, E.",Bachmat E.
11,6508146710,"Dutheillet, C.",Dutheillet C.
8,7201768590,"Chow, Alix L. H.",Chow A.
26,7004357561,"Golubchik, Leana",Golubchik L.
56,7007064465,"Lui, John C. S.",Lui J.
2,8940034600,"Khattri, Maneesh",Khattri M.
1,57218715931,"Clement, Emily",Clement E.
22,6601963489,"Jéron, Thierry",Jéron T.
5,55314772100,"Mentré, David",Mentré D.
59,7406967883,"Lee, Edward A.",Lee E.
12,53983437100,"Sun, Meng",Sun M.
6,57194007361,"Zhang, Xiyue",Zhang X.
13,35786632400,"Perrin, Nicolas",Perrin-Gilbert N.
5,56912324300,"Schlehuber-Caissier, Philipp",Schlehuber-Caissier P.
1,57224850265,"Desu, Surya Sai Teja",Desu S.
2,59287523300,"Srivastava, Anubhav",Srivastava A.
4,7801551982,"Rao, M. V. Panduranga",Panduranga Rao M.
26,55367147900,"Liu, Jun",Liu J.
19,6701589363,"Bruyère, Véronique",Bruyère V.
2,57219876769,"Staquet, Gaëtan",Staquet G.
24,14033881700,"Deshmukh, Jyotirmoy V.",Deshmukh J.
5,57203843040,"Kyriakis, Panagiotis",Kyriakis P.
38,6602660680,"Bogdan, Paul",Bogdan P.
5,57195460522,"Mohammadinejad, Sara",Mohammadinejad S.
6,57204640379,"Paulsen, Brandon",Paulsen B.
25,55647141100,"Wang, Chao",Wang C.
4,57188698013,"Zhang, Pei",Zhang P.
2,57437718600,"Aurandt, Alexis",Aurandt A.
6,57194856432,"Dureja, Rohit",Dureja R.
13,57212581268,"Jones, Phillip H.",Jones P.
24,6701589253,"Asarin, Eugene",Asarin E.
45,7003741433,"Maler, Oded",Maler O.
25,14024782900,"Nickovic, Dejan",Ničković D.
11,55605893800,"Ulus, Dogan",Ulus D.
0,58624129800,"Spriet, Anthony",Spriet A.
26,7007048591,"Roux, Olivier H.",Roux O.
4,57218716414,"Kempa, Brian",Kempa B.
22,20437056300,"Zambreno, Joseph",Zambreno J.
18,52564688900,"Tran, Hoang-Dung",Tran H.
12,56401509100,"Nguyen, Luan Viet",Nguyen L.
7,57194174878,"Hamilton, Nathaniel P.",Hamilton N.
29,36148931700,"Xiang, Weiming",Xiang W.
26,36237009800,"Johnson, Taylor T.",Johnson T.
14,55813835600,"Ferrère, Thomas",Ferrère T.
3,57202787844,"Hariharan, Gokul",Hariharan G.
21,25958548800,"Wongpiromsarn, Tichakorn",Wongpiromsarn T.
5,6701766460,"Rosenmann, Amnon",Rosenmann A.
3,57204592707,"Goeminne, Aline",Goeminne A.
11,55892837500,"Dima, Cǎtǎlin",Dima C.
8,35119352200,"Shirmohammadi, Mahsa",Shirmohammadi M.
2,57568294500,"Eleftheriadis, Charis",Eleftheriadis C.
5,57201799311,"Kekatos, Nikolaos",Kekatos N.
16,6506223455,"Katsaros, Panagiotis",Katsaros P.
41,6701546551,"Tripakis, Stavros",Tripakis S.
15,6603543935,"Mukund, Madhavan",Mukund M.
0,58508712400,"Roy, Adwitee",Roy A.
9,36337178300,"Srivathsan, B.",Srivathsan B.
6,56492971700,"Bakhirkin, Alexey",Bakhirkin A.
5,57212577660,"Zhong, Bingzhuo",Zhong B.
37,7003738186,"Caccamo, Marco",Caccamo M.
2,57203841840,"Elgyütt, Adrián",Elgyütt A.
5,57209970877,"Chen, Hongkai",Chen H.
24,35094190100,"Lin, Shan",Lin S.
35,7004362158,"Smolka, Scott A.",Smolka S.
14,57188583327,"Tappler, Martin",Tappler M.
10,55370433800,"Lorber, Florian",Lorber F.
6,59096558700,"Sharma, Arpit",Sharma A.
1,57221326664,"Shehaby, Raghda El",Shehaby R.
11,25822181600,"Függer, Matthias",F̈ugger M.
17,6603857937,"Steininger, Andreas",Steininger A.
6,57205019734,"Niehage, Mathis",Niehage M.
2,57212571262,"Lubat, Éric",Lubat É.
14,6508220679,"Dal Zilio, Silvano",Dal Zilio S.
9,6701521086,"Le Botlan, Didier",Le Botlan D.
12,6507656648,"Pencolé, Yannick",Pencóle Y.
12,55884161600,"Subias, Audine",Subias A.
0,57218715520,"Noguchi, Reiya",Noguchi R.
14,48761708800,"Sankur, Ocan",Sankur O.
9,59617077900,"Yang, Xiaodong",Yang X.
10,57189846626,"Yamaguchi, Tom",Yamaguchi T.
13,55501843100,"Hoxha, Bardh",Hoxha B.
38,57198003013,"Prokhorov, Danil",Prokhorov D.
1,57263716100,"Lund, Sebastian",Lund S.
1,57263716200,"van Diepen, Jesper",van Diepen J.
8,47361338600,"Muñiz, Marco",Muñiz M.
1,57263716300,"Jørgensen, Tobias Ringholm",Jørgensen T.
1,57263344500,"Andersen, Tobias Skaarup Daa",Andersen T.
16,34976337300,"André, Étienne",André É.
4,57203835400,"Ramparison, Mathias",Ramparison M.
25,57192899403,"Luca, Florian",Luca F.
32,55916575900,"Ouaknine, Joël",Ouaknine J.
8,25121334900,"Degorre, Aldric",Degorre A.
3,57217115826,"Jarne Ornia, Daniel",Jarne Ornia D.
19,55822965073,"Mazo, Manuel",Mazo Jr. M.
5,56431051900,"Syifa’ul Mufid, Muhammad",Mufid M.
4,57224726198,"Kim, Edward",Kim E.
25,27067586000,"Bak, Stanley",Bak S.
7,57208513904,"Qin, Xin",Qin X.
3,57218716632,"Bacci, Edoardo",Bacci E.
13,57215191171,"Manzanas Lopez, Diego",Manzanas Lopez D.
12,57209320191,"Musau, Patrick",Musau P.
1,57203847158,"Jensen, Mathias Claus",Jensen M.
9,57190972091,"Waga, Masaki",Waga M.
23,23476883200,"Jha, Susmit",Jha S.
8,57194457254,"Raj, Sunny",Raj S.
19,57218716753,"Jha, Sumit Kumar",Kumar Jha S.
31,7101723453,"Shankar, Natarajan",Shankar N.
3,56415830300,"Salem, Mahmoud",Salem M.
10,14824758100,"Carvajal, Gonzalo",Carvajal G.
0,57212577512,"Liu, Tong",Liu T.
20,14631648300,"Fischmeister, Sebastian",Fischmeister S.
2,57209207373,"Mari, Thomas",Mari T.
30,15836751900,"Dang, Thao",Dang T.
18,6507800229,"Gössler, Gregor",Gössler G.
25,25521359800,"Atig, Mohamed Faouzi",Atig M.
14,8935045500,"Krishna, Shankara Narayanan",Krishna S.
20,55889178200,"Gastin, Paul",Gastin P.
10,23088387200,"Herbreteau, Frédéric",Herbreteau F.
14,8719934600,"Bogomolov, Sergiy",Bogomolov S.
0,58376893800,"Parker, David",Parker D.
2,57224624995,"Main, James C. A.",Main J.
16,55366536200,"Randour, Mickael",Randour M.
46,7005229596,"Cimatti, Alessandro",Cimatti A.
13,36024366700,"Micheli, Andrea",Micheli A.
5,57202364050,"Bønneland, Frederik M.",Bønneland F.
5,57210113801,"Barbosa, Fernando S.",Barbosa F.
4,57205379043,"Karlsson, Jesper",Karlsson J.
4,56898995800,"Tajvar, Pouria",Tajvar P.
4,57191499453,"Selvaratnam, Daniel",Selvaratnam D.
18,9238556600,"Cantoni, Michael",Cantoni M.
10,35580653000,"Davoren, J.M.",Davoren J.
33,24781540400,"Shames, Iman",Shames I.
1,57218718167,"Parrot, Rémi",Parrot R.
10,57206387116,"Kong, Hui",Kong H.
32,56193157500,"Jiang, Yu",Jiang Y.
1,57195677931,"Massoud, Rehab",Massoud R.
15,57020830900,"Le, Hoang M.",Le H.
50,55172914000,"Drechsler, Rolf",Drechsler R.
10,55173811400,"Moarref, Salar",Moarref S.
26,15762557900,"Kress-Gazit, Hadas",Kress-Gazit H.
5,57190960574,"Wimmer, Simon",Wimmer S.
23,6603761101,"Van De Pol, Jaco",van de Pol J.
3,57202687487,"Henry, Léo",Henry L.
2,57194027018,"Mambakam, Akshay",Mambakam A.
7,57378208200,"Jarabo, José-Ignacio Requeno",Jarabo J.
6,57221120495,"Meng, Yiming",Meng Y.
7,57013682300,"Li, Meilun",Li M.
6,57015244200,"Mosaad, Peter Nazier",Mosaad P.
19,23010467600,"She, Zhikun",She Z.
15,35367612700,"Xue, Bai",Xue B.
27,6602514483,"Barkaoui, Kamel",Barkaoui K.
14,6507336972,"Boucheneb, Hanifa",Boucheneb H.
1,57195683367,"Nguyen Van, Hai",Nguyen van H.
8,36456662000,"Balabonski, Thibaut",Balabonski T.
10,8288687000,"Boulanger, Frédéric",Boulanger F.
6,36237433500,"Keller, Chantal",Keller C.
17,8901187500,"Valiron, Benoît",Valiron B.
17,8856672700,"Wolff, Burkhart",Wolff B.
17,57210855700,"Li, Dongxu",Li D.
4,57202683672,"Kölbl, Martin",Kölbl M.
1,57218717979,"Schmid, Robert",Schmid R.
5,57225216624,"Marinho, Dylan",Marinho D.
15,7004088486,"Petrucci, Laure",Petrucci L.
1,57787953400,"Grosen, Thomas Møller",Grosen T.
6,57196827271,"Kauffman, Sean",Kauffman S.
11,56014389500,"Zimmermann, Martin",Zimmermann M.
1,57889824200,"Jacobo Inclán, Bernardo",Jacobo Inclán B.
2,57889815400,"Karagulle, Ruya",Karagulle R.
12,35589433400,"Aréchiga, Nikos",Aréchiga N.
15,35974903900,"DeCastro, Jonathan",DeCastro J.
28,23009866700,"Ozay, Necmiye",Ozay N.
7,24722675100,"Granig, Wolfgang",Granig W.
6,57172704700,"Jakšić, Stefan",Jakšić S.
5,54898031400,"Lewitschnig, Horst",Lewitschnig H.
8,6506682605,"Mateis, Cristinel",Mateis C.
3,55831525200,"Estiévenart, Morgane",Estiévenart M.
13,9279119800,"Geeraerts, Gilles",Geeraerts G.
6,56492161600,"Ho, Hsi-Ming",Ho H.
12,36190325200,"Monmege, Benjamin",Monmege B.
8,25958398700,"Sznajder, Nathalie",Sznajder N.
5,57220798307,"Zou, Xueyi",Zou X.
16,56117921300,"Kanovich, Max",Kanovich M.
8,57225069898,"Kirigin, Tajana Ban",Ban Kirigin T.
17,23390327300,"Nigam, Vivek",Nigam V.
29,6701808416,"Scedrov, Andre",Scedrov A.
29,7003406044,"Talcott, Carolyn",Talcott C.
8,14632600100,"Stierand, Ingo",Stierand I.
6,27467769300,"Reinkemeier, Philipp",Reinkemeier P.
9,6603292364,"Bhaduri, Purandar",Bhaduri P.
3,58324989800,"Herrera, Christian",Herrera C.
11,36476736600,"Westphal, Bernd",Westphal B.
5,55366580800,"Feo-Arenis, Sergio",Feo-Arenis S.
35,7003653406,"Podelski, Andreas",Podelski A.
5,46661725400,"Al-Bataineh, Omar",Al-Bataineh O.
24,24792488500,"Reynolds, Mark",Reynolds M.
18,13611425300,"French, Tim",French T.
16,6603780651,"Devillers, Raymond",Devillers R.
11,22333883900,"Klaudel, Hanna",Klaudel H.
1,56333523200,"Weslati, Karim",Weslati K.
45,23569200200,"Althoff, Matthias",Althoff M.
21,8854255300,"Cassez, Franck",Cassez F.
16,8925681900,"Grastien, Alban",Grastien A.
1,57500201700,"Vujinović, Milan",Vujinović M.
2,34879644400,"Garnacho, Manuel",Garnacho M.
12,6506097960,"Bodeveix, Jean-Paul",Bodeveix J.
10,7004744985,"Filali-Amine, Mamoun",Filali M.
3,50961127600,"Gorcitz, Raul",Gorcitz R.
2,56613081700,"Kofman, Emilien",Kofman E.
6,56096426100,"Carle, Thomas",Carle T.
12,6506534634,"Potop-Butucaru, Dumitru",Potop-Butucaru D.
17,11339046600,"De Simone, Robert",de Simone R.
15,6701479991,"Charron-Bost, Bernadette",Charron-Bost B.
9,56507577000,"Nowak, Thomas",Nowak T.
8,57195674133,"Yang, Pengfei",Yang P.
19,55951792200,"Li, Guoqiang",Li G.
6,56331231600,"Cai, Xiaojuan",Cai X.
12,8889768600,"Ogawa, Mizuhito",Ogawa M.
12,8071696500,"Yuen, Shoji",Yuen S.
7,24468351600,"Peter, Hans-Jörg",Peter H.
30,8866785100,"Finkbeiner, Bernd",Finkbeiner B.
7,55861811100,"Stergiou, Christos",Stergiou C.
5,16643408700,"Matsikoudis, Eleftherios",Matsikoudis E.
21,7402563679,"Hansen, René Rydhof",Hansen R.
11,37097954200,"Olesen, Mads Chr.",Olesen M.
12,53364120800,"Poulsen, Danny Bøgsted",Bøgsted Poulsen D.
5,55371288800,"Fang, Huixing",Fang H.
4,56333506100,"Zhang, Zhengkui",Zhang Z.
14,55881981000,"Mendler, Michael",Mendler M.
19,6602395877,"Roop, Partha S.",Roop P.
14,55584859500,"Bodin, Bruno",Bodin B.
10,57205017237,"Dimitrova, Rayna",Dimitrova R.
13,14919301400,"Allamigeon, Xavier",Allamigeon X.
3,55734366100,"Boeuf, Vianney",Bœuf V.
34,7004578190,"Gaubert, Stéphane",Gaubert S.
15,13002692800,"Chatain, Thomas",Chatain T.
23,6701711995,"Jard, Claude",Jard C.
1,56333466700,"Viesmose Birch, Sine",Viesmose Birch S.
1,56050165400,"Stig Jacobsen, Thomas",Jacobsen T.
1,56333478300,"Jon Jensen, Jacob",Jon Jensen J.
1,56050239100,"Moesgaard, Christoffer",Moesgaard C.
1,56333460500,"Nørgaard Samuelsen, Niels",Nørgaard Samuelsen N.
17,6603484349,"Braberman, Víctor",Braberman V.
9,36667609400,"Stoppe, Jannis",Stoppe J.
27,6603842663,"Große, Daniel",Grosse D.
10,24490805700,"Krenn, Willibald",Krenn W.
7,35723039700,"Tec, Loredana",Tec L.
10,35219232500,"Roohi, Nima",Roohi N.
15,6603084361,"Ratschan, Stefan",Ratschan S.
3,54787574900,"Fronc, Łukasz",Fronc Ł.
4,56911642100,"Tran, Thanh-Tung",Tran T.
9,56911510500,"Kumar, Rajesh",Kumar R.
5,55498228600,"Skalistis, Stefanos",Skalistis S.
7,24779885900,"Simalatsar, Alena",Simalatsar A.
7,36348430800,"Lee, Matias David",Lee M.
5,57190971967,"Monti, Raúl E.",Monti R.
10,14522293600,"Dey, Soumyajit",Dey S.
7,57189701101,"Mohamed, Sajid",Mohamed S.
15,55737931500,"Dasgupta, Pallab",Dasgupta P.
3,57192988578,"Mousa, Mahmoud A. A.",Mousa M.
1,56333161900,"Kuřátko, Jan",Kuřátko J.
10,57020126600,"Chen, Mingshuai",Chen M.
9,55898035800,"Li, Yangjia",Li Y.
25,55216306800,"Zhan, Naijun",Zhan N.
5,55953409800,"Wognsen, Erik Ramsgaard",Wognsen E.
47,7004977693,"Benveniste, Albert",Benveniste A.
22,7003595844,"Damm, Werner",Damm W.
10,14029404100,"Suenaga, Kohei",Suenaga K.
5,56399178300,"Jaziri, Samy",Jaziri S.
1,57215380677,"Alvarez, Gustavo Patino",Álvarez G.
9,35844444100,"Chau, Wang Jiang",Chau W.
19,35113979700,"Raman, Vasumathi",Raman V.
2,57193354230,"Parquier, Baptiste",Parquier B.
4,25722330400,"Seidner, Charlotte",Seidner C.
3,55994914500,"Fontana, Peter",Fontana P.
30,7004445501,"Cleaveland, Rance",Cleaveland R.
6,56362366300,"Jovanović, Aleksandra",Jovanović A.
7,35791952800,"Jezequel, Loïg",Jezequel L.
36,6701505144,"Sokolsky, Oleg",Sokolsky O.
30,8637998400,"Bozga, Marius",Bozga M.
6,57014882300,"Akazaki, Takumi",Akazaki T.
6,36642655900,"Minopoli, Stefano",Minopoli S.
21,23392415800,"Frehse, Goran",Frehse G.
3,56912062300,"Kröger, Paul",Kroger P.
7,42262195300,"Möhlmann, Eike",Möhlmann E.
4,46461396300,"Hagemann, Willem",Hagemann W.
1,55831389200,"Pellegrino, Giuseppe",Pellegrino G.
2,57191614454,"Adimoolam, Arvind",Adimoolam A.
7,55834245800,"Tóth, Tamás",Toth T.
3,55516172000,"Dworzanski, Leonid W.",Dworzański L.
56,7005064070,"Baruah, Sanjoy",Baruah S.
23,57202640832,"Sankaranarayanan, Sriram",Sankaranarayanan S.
19,56333296900,"Andrychowicz, Marcin",Andrychowicz M.
30,14026632000,"Dziembowski, Stefan",Dziembowski S.
7,56333533100,"Malinowski, Daniel",Malinowski D.
5,56333140500,"Mazurek, Łukasz",Mazurek Ł.
5,38562278000,"Tendulkar, Pranav",Tendulkar P.
8,22433823000,"Poplavko, Peter",Poplavko P.
4,57191613669,"Mariegaard, Anders",Mariegaard A.
11,57223123224,"Mathur, Umang",Mathur U.
8,24468998500,"Quaas, Karin",Quaas K.
7,14831131000,"Cotton, Scott",Cotton S.
15,6701820511,"Lanotte, Ruggero",Lanotte R.
4,46061377600,"Jerson Ortiz, James",Ortiz J.
29,6603466933,"Schobbens, Pierre-Yves",Schobbens P.
31,23088308200,"Doyen, Laurent",Doyen L.
5,35107904300,"Reichert, Julien",Reichert J.
69,7006612991,"Alur, Rajeev",Alur R.
8,15756268200,"Quesel, Jan-David",Quesel J.
7,37096984300,"Dalsgaard, Andreas E.",Dalsgaard A.
13,35956644100,"Laarman, Alfons",Laarman A.
14,25121984400,"Mereacre, Alexandru",Mereacre A.
3,36606155000,"Grabiec, Bartosz",Grabiec B.
13,25121807100,"Traonouez, Louis-Marie",Traonouez L.
6,35106622300,"Bulychev, Peter",Bulychev P.
7,57193761429,"Schneider, Sven",Schneider S.
14,6602617038,"Nestmann, Uwe",Nestmann U.
34,6701835694,"Basten, Twan",Basten T.
11,8927035700,"Somers, Lou",Somers L.
5,22333504100,"Badban, Bahareh",Badban B.
16,9335043800,"Lange, Martin",Lange M.
29,7007143213,"Sankaranarayanan, Sriram",Sankaranarayanan S.
2,25651501100,"Homaei, Hadjar",Homaei H.
22,35268993400,"Lewis, Clayton",Lewis C.
14,56246016200,"Pandya, Paritosh K.",Pandya P.
30,6603313013,"Geilen, Marc",Geilen M.
11,6602866492,"Voeten, Jeroen",Voeten J.
13,6505531852,"Troina, Angelo",Troina A.
3,23033022900,"Bentea, Lucian",Bentea L.
20,6507887998,"Ölveczky, Peter Csaba",Ölveczky P.
2,36606542700,"Mitrohin, Corina",Mitrohin C.
29,22333270000,"Donzé, Alexandre",Donzé A.
2,57225383983,"Kempf, Jean-Francois",Kempf J.
12,14024665100,"Prabhu, Vinayak S.",Prabhu V.
21,6603881329,"Olderog, Ernst-Rüdiger",Olderog E.
4,24470564200,"Swaminathan, Mani",Swaminathan M.
10,23135557900,"Woehrle, Matthias",Woehrle M.
13,23008882900,"Lampka, Kai",Lampka K.
13,6507057555,"Boniol, Frédéric",Boniol F.
11,22334361700,"Hladik, Pierre-Emmanuel",Hladik P.
17,55922785400,"Pagetti, Claire",Pagetti C.
1,25121286600,"Aspro, Frédéric",Aspro F.
2,25121460400,"Jégu, Victor",Jégu V.
13,7202832962,"Béal, Marie-Pierre",Béal M.
18,7103279644,"Perrin, Dominique",Perrin D.
6,25121503500,"Igna, Georgeta",Igna G.
1,25121171700,"Kannan, Venkatesh",Kannan V.
6,25121876300,"Yang, Yang",Yang Y.
16,6602474771,"Voorhoeve, Marc",Voorhoeve M.
2,25121394700,"De Smet, Sebastian",de Smet S.
21,56261525500,"Delzanno, Giorgio",Delzanno G.
5,51764391600,"Rezine, Othmane",Rezine O.
15,23089319200,"Sangnier, Arnaud",Sangnier A.
7,53364493900,"Traverso, Riccardo",Traverso R.
2,44960948400,"Dzetkulič, Tomáš",Dzetkulič T.
14,36607507700,"Brenguier, Romain",Brenguier R.
4,24482081000,"Shah, Simoni S.",Shah S.
7,36679729000,"Chilton, Chris",Chilton C.
2,57192628235,"Wang, Xu",Wang X.
3,55366282300,"Rinast, Jonas",Rinast J.
6,24173862000,"Rosario, Sidney",Rosario S.
2,26530817100,"Abu Kharmeh, Suleiman",Abu-Kharmeh S.
19,23391989300,"Eder, Kerstin",Eder K.
10,7202898524,"May, David",May D.
2,36629401300,"Von Styp, Sabrina",von Styp S.
11,6602832967,"Bohnenkamp, Henrik",Bohnenkamp H.
14,56026933500,"Schmaltz, Julien",Schmaltz J.
3,57212441928,"Suman, P. Vijay",Suman P.
5,24401290700,"Manasa, Lakshmi",Manasa L.
11,14046586400,"Garbervestky, Diego",Garbervetsky D.
10,16039774400,"Kicillof, Nicolás",Kicillof N.
1,36940750500,"Monteverde, Daniel",Monteverde D.
8,55936370200,"Olivero, Alfredo",Olivero A.
22,14831087500,"Forejt, Vojtěch",Forejt V.
14,7004442670,"Philippou, Anna",Philippou A.
54,36071144900,"Lee, Insup",Lee I.
16,7501395778,"Choi, Jin-Young",Choi J.
4,53865997600,"Carter, Rebekah",Carter R.
16,16316666200,"Navarro-López, Eva M.",Navarro-López E.
7,55569352400,"Li, Guangyuan",Li G.
5,6507600445,"Kindermann, Roland",Kindermann R.
20,8938822200,"Junttila, Tommi",Junttila T.
27,6602843870,"Niemelä, Ilkka",Niemelä I.
18,36132840200,"Ehlers, Rüdiger",Ehlers R.
14,15122425000,"Mattmüller, Robert",Mattmüller R.
32,23396128200,"Bjørner, Nikolaj",Björner N.
32,23396587300,"De Moura, Leonardo",de Moura L.
20,10139366400,"Mikučionis, Marius",Mikučionis M.
1,53364481100,"Van Vliet, Jonas",van Vliet J.
10,55719863400,"Wang, Zheng",Wang Z.
21,8382451800,"Lazić, Ranko",Lazić R.
2,25121974300,"Rutkowski, Michał",Rutkowski M.
6,37087761300,"Stainer, Amélie",Stainer A.
6,9036631200,"Gómez, Rodolfo",Gómez R.
41,7103379278,"Chandy, K. Mani",Chandy K.
7,8863189100,"Pilotto, Concetta",Pilotto C.
15,56068325800,"Ganty, Pierre",Ganty P.
4,36160969100,"Di Giampaolo, Barbara",Di Giampaolo B.
14,24504568200,"Wehrle, Martin",Wehrle M.
12,23088944500,"Kupferschmid, Sebastian",Kupferschmid S.
22,7102976315,"Rabinovich, Alexander",Rabinovich A.
5,51763352500,"Diciolla, Marco",Diciolla M.
14,34879763400,"Colombo, Christian",Colombo C.
20,15045382800,"Pace, Gordon",Pace G.
21,15045621300,"Schneider, Gerardo",Schneider G.
5,14827539900,"Umeno, Shinya",Umeno S.
22,8558553300,"Furia, Carlo A.",Furia C.
16,7403708768,"Rossi, Matteo",Rossi M.
8,35106719400,"Chiplunkar, Ashish",Chiplunkar A.
1,35107411700,"Jain, Chinmay",Jain C.
6,55365516500,"Ghasemieh, Hamed",Ghasemieh H.
18,8662131900,"Tretmans, Jan",Tretmans J.
2,35106798700,"Benattar, Gilles",Benattar G.
13,6603062031,"Van Beek, D.A.",Van Beek D.
13,23008356000,"Cuijpers, Pieter J.L.",Cuijpers P.
5,36608792200,"Nadales Agut, D.E.",Nadales Agut D.
28,6603986307,"Rooda, J.E.",Rooda J.
24,23390311500,"Pang, Jun",Pang J.
16,8867235800,"Wijs, Anton",Wijs A.
16,6602136431,"Bérard, Beatrice",Bérard B.
12,55161107700,"Petit, Antoine",Petit A.
0,16417760200,"Wang, Yi",Wang Y.
7,8729696400,"Chevalier, Fabrice",Chevalier F.
1,23398500300,"Souza, Deepak D.",Souza D.
17,6602088824,"Bril, Reinder J.",Bril R.
5,23088320800,"Brady, Bryan A.",Brady B.
57,56434045800,"Seshia, Sanjit A.",Seshia S.
8,14024725500,"Refsdal, Atle",Refsdal A.
6,8950159400,"Husa, Knut Eilif",Husa K.
18,8950159700,"Stølen, Ketil",Stolen K.
8,14024228500,"Adler, Bo Thomas",Adler B.
5,19639725600,"Jessen, Jan J.",Jessen J.
9,8727101000,"Rasmussen, Jacob Illum",Rasmussen J.
10,56618688100,"Dierks, Henning",Dierks H.
12,34770863500,"Gentilini, Raffaella",Gentilini R.
12,6602704205,"Finkel, Olivier",Finkel O.
64,57204279874,"Pnueli, Amir",Pnueli A.
21,8552640300,"Lakhnech, Yassine",Lakhnech Y.
29,6701468461,"Yovine, Sergio",Yovine S.
11,13002861000,"Altisen, Karine",Altisen K.
2,23397619800,"Obes, Jorge Lucángeli",Obes J.
2,6603944710,"Olivero, Alfredo",Olivero A.
2,6505900394,"Schapachnik, Fernando",Schapachnik F.
25,6603931485,"Årzén, Karl-Erik",Årzén K.
23,55679592700,"Corradini, Flavio",Corradini F.
20,7101662302,"Vogler, Walter",Vogler W.
4,23394136800,"Wagner, Silke",Wagner S.
2,56248250300,"Adams, Sara",Adams S.
9,55917264500,"Niebert, Peter",Niebert P.
10,14919347200,"Krcal, Pavel",Krčál P.
15,23398710400,"Stigge, Martin",Stigge M.
21,6602114089,"Recalde, Laura",Recalde L.
30,35303484100,"Silva, Manuel",Silva M.
1,25632924500,"Vasilyev, Pavel",Vasilyev P.
5,14062947000,"Chevallier, Remy",Chevallier R.
1,15043894400,"Encrenaz-Tiph̀ne, Emmanuelle",Encrenaz-Tiph̀ne E.
3,55487632500,"Xu, Weiwen",Xu W.
3,14024503600,"Lim, Hongping",Lim H.
12,6507598204,"Kaynar, Dilsun",Kaynar D.
48,7101613286,"Lynch, Nancy",Lynch N.
46,7006387097,"Krogh, Bruce H.",Krogh B.
29,7006896848,"Thiagarajan, P.S.",Thiagarajan P.
14,8921210200,"Subramani, K.",Subramani K.
5,8838674600,"Desovski, D.",Desovski D.
18,55944381500,"Laroussinie, François",Laroussinie F.
14,12902638900,"Reynier, Pierre-Alain",Reynier P.
13,55686344000,"Kim, Minyoung",Kim M.
15,7004572153,"Stehr, Mark-Oliver",Stehr M.
52,7006041384,"Dutt, Nikil",Dutt N.
29,7003578607,"Venkatasubramanian, Nalini",Venkatasubramanian N.
4,23397696300,"Peres, Florent",Peres F.
34,8299607300,"Fainekos, Georgios E.",Fainekos G.
39,23392762500,"Girard, Antoine",Girard A.
86,7102070429,"Pappas, George J.",Pappas G.
16,12040862500,"Wang, Farn",Wang F.
28,7006642106,"Bowman, Howard",Bowman H.
9,8728437700,"Daws, Conrado",Daws C.
23,21742186600,"Batt, Grégory",Batt G.
5,55665666600,"Salah, Ramzi Ben",Ben Salah R.
6,23393499800,"Sampaio, Paulo N. M.",Sampaio P.
5,24367226200,"Rodríguez Peralta, Laura M.",Rodríguez Peralta L.
12,7004139859,"Courtiat, Jean-Pierre",Courtiat J.
5,23134747600,"Chandrasekaran, Prakash",Chandrasekaran P.
4,15045280400,"Oreiby, Ghassan",Oreiby G.
10,22333447900,"Behrmann, Gerd",Behrmann G.
27,7004633325,"Giacobazzi, Roberto",Giacobazzi R.
15,7003872487,"Mastroeni, Isabella",Mastroeni I.
5,23396678600,"Giro, Sergio",Giro S.
10,24787959900,"Lodaya, Kamal",Lodaya K.
